titre;auteur;isbn;niveau;categorie;exemplaires
Le Petit Prince;Antoine de Saint-Exupéry;9782070612758;CP;Album jeunesse;5
La chenille qui fait des trous;Eric Carle;9780241003008;CP;Album jeunesse;4
Tchoupi perd ses dents;Thierry Courtin;9782092565601;CP;Album jeunesse;3
La véritable histoire du Petit Chaperon Rouge;Jon Scieszka;9782070586574;CP;Album jeunesse;3
Le Loup qui voulait changer de couleur;Orianne Lallemand;9782081640096;CE1;Album jeunesse;4
Le livre de la jungle;Rudyard Kipling;9782081438084;CE1;Roman classique;3
Le petit Nicolas;René Goscinny;9782070543227;CE1;Roman jeunesse;5
Martine à la ferme;Gilbert Delahaye;9782203036525;CE1;Album jeunesse;3
Charlotte aux fraises;Monique Zepeta;9782070549165;CE2;Roman jeunesse;3
Le Petit Nicolas et les copains;René Goscinny;9782070543227;CE2;Roman jeunesse;4
La Reine des fourmis a disparu;Bernard Werber;9782226311067;CE2;Roman fantastique;3
Onfré le paresseux;Catherine Zarcate;9782211213850;CE2;Contes;2
Belle et Sébastien;Cécile Aubry;9782070612765;CM1;Roman jeunesse;5
Danny le champion du monde;Roald Dahl;9782070586992;CM1;Roman jeunesse;4
La grande encyclopédie des animaux;Sophie Bordet;9782013949027;CM1;Documentaire;3
Les Malheurs de Sophie;Comtesse de Ségur;9782081213429;CM1;Roman classique;3
La Belle et la Bête;Mme Leprince de Beaumont;9782081438015;CM1;Contes classiques;3
Le Petit Nicolas;René Goscinny;9782070543227;CM2;Roman jeunesse;4
L'œil du loup;Daniel Pennac;9782070546255;CM2;Roman jeunesse;4
Le Petit Prince;Antoine de Saint-Exupéry;9782070612758;CM2;Roman classique;4
Fantastique Maître Renard;Roald Dahl;9782070586602;CM2;Roman jeunesse;3
Voyage au centre de la Terre;Jules Verne;9782081432112;6ème;Roman classique;4
Les Contes de Perrault;Charles Perrault;9782080126606;6ème;Contes classiques;4
Le Comte de Monte-Cristo (adapté);Alexandre Dumas;9782081438053;5ème;Roman classique;3
Sans famille;Hector Malot;9782081430766;5ème;Roman classique;3
Le Médecin malgré lui;Molière;9782081231311;4ème;Théâtre classique;3
La Parure et autres contes;Guy de Maupassant;9782081435243;3ème;Nouvelles classiques;4
L'Étranger;Albert Camus;9782070360024;2nde (Lycée);Roman classique;4
Antigone;Jean Anouilh;9782070401284;1ère (Lycée);Théâtre classique;4
Candide;Voltaire;9782081435052;Terminale;Roman classique;4
